/**
######################################################################
##
## BGF 신한은행 위탁관리 :: Flyway 스크립트
##
######################################################################
**/

/**
[초기데이터 생성]
## 01. SLA 관련 프로그램 등록
**/

/*___ atms_program ___*/
INSERT INTO atms_program (PROG_CD, PROG_NM, PROG_PH, AUTH_CHECK, SCH_AH, SAV_AH, DEL_AH, EXL_AH, FN1_AH, FN2_AH, FN3_AH, FN4_AH, FN5_AH, REMARK, TARGET, CREATED_AT, CREATED_BY, UPDATED_AT, UPDATED_BY) VALUES ('sh_sla_10', '[SLA] 패널티내역', '/mng/sla/sh_sla_10', 'Y', 'Y', 'Y', 'N', 'N', 'N', 'N', 'N', 'N', 'N', null, '_self', date_format('2017-03-30 16:46:27', '%Y/%m/%d %H:%i:%s'), 'system', date_format('2017-04-20 13:24:59', '%Y/%m/%d %H:%i:%s'), 'system');
INSERT INTO atms_program (PROG_CD, PROG_NM, PROG_PH, AUTH_CHECK, SCH_AH, SAV_AH, DEL_AH, EXL_AH, FN1_AH, FN2_AH, FN3_AH, FN4_AH, FN5_AH, REMARK, TARGET, CREATED_AT, CREATED_BY, UPDATED_AT, UPDATED_BY) VALUES ('sh_sla_20', '[SLA] 현금부족내역', '/mng/sla/sh_sla_20', 'Y', 'Y', 'Y', 'N', 'N', 'N', 'N', 'N', 'N', 'N', null, '_self', date_format('2017-03-30 16:46:27', '%Y/%m/%d %H:%i:%s'), 'system', date_format('2017-04-20 13:24:59', '%Y/%m/%d %H:%i:%s'), 'system');
INSERT INTO atms_program (PROG_CD, PROG_NM, PROG_PH, AUTH_CHECK, SCH_AH, SAV_AH, DEL_AH, EXL_AH, FN1_AH, FN2_AH, FN3_AH, FN4_AH, FN5_AH, REMARK, TARGET, CREATED_AT, CREATED_BY, UPDATED_AT, UPDATED_BY) VALUES ('sh_sla_30', '[SLA] 민원관리내역', '/mng/sla/sh_sla_30', 'Y', 'Y', 'Y', 'N', 'N', 'N', 'N', 'N', 'N', 'N', null, '_self', date_format('2017-03-30 16:46:27', '%Y/%m/%d %H:%i:%s'), 'system', date_format('2017-04-20 13:24:59', '%Y/%m/%d %H:%i:%s'), 'system');
INSERT INTO atms_program (PROG_CD, PROG_NM, PROG_PH, AUTH_CHECK, SCH_AH, SAV_AH, DEL_AH, EXL_AH, FN1_AH, FN2_AH, FN3_AH, FN4_AH, FN5_AH, REMARK, TARGET, CREATED_AT, CREATED_BY, UPDATED_AT, UPDATED_BY) VALUES ('sh_sla_40', '[SLA] 해피콜', '/mng/sla/sh_sla_40', 'Y', 'Y', 'Y', 'N', 'N', 'N', 'N', 'N', 'N', 'N', null, '_self', date_format('2017-03-30 16:46:27', '%Y/%m/%d %H:%i:%s'), 'system', date_format('2017-04-20 13:24:59', '%Y/%m/%d %H:%i:%s'), 'system');
INSERT INTO atms_program (PROG_CD, PROG_NM, PROG_PH, AUTH_CHECK, SCH_AH, SAV_AH, DEL_AH, EXL_AH, FN1_AH, FN2_AH, FN3_AH, FN4_AH, FN5_AH, REMARK, TARGET, CREATED_AT, CREATED_BY, UPDATED_AT, UPDATED_BY) VALUES ('sh_sla_50', '[SLA] 운영자금증감률', '/mng/sla/sh_sla_50', 'Y', 'Y', 'Y', 'N', 'N', 'N', 'N', 'N', 'N', 'N', null, '_self', date_format('2017-03-30 16:46:27', '%Y/%m/%d %H:%i:%s'), 'system', date_format('2017-04-20 13:24:59', '%Y/%m/%d %H:%i:%s'), 'system');
INSERT INTO atms_program (PROG_CD, PROG_NM, PROG_PH, AUTH_CHECK, SCH_AH, SAV_AH, DEL_AH, EXL_AH, FN1_AH, FN2_AH, FN3_AH, FN4_AH, FN5_AH, REMARK, TARGET, CREATED_AT, CREATED_BY, UPDATED_AT, UPDATED_BY) VALUES ('sh_sla_60', '[SLA] 운영자금시재검사', '/mng/sla/sh_sla_60', 'Y', 'Y', 'Y', 'N', 'N', 'N', 'N', 'N', 'N', 'N', null, '_self', date_format('2017-03-30 16:46:27', '%Y/%m/%d %H:%i:%s'), 'system', date_format('2017-04-20 13:24:59', '%Y/%m/%d %H:%i:%s'), 'system');
INSERT INTO atms_program (PROG_CD, PROG_NM, PROG_PH, AUTH_CHECK, SCH_AH, SAV_AH, DEL_AH, EXL_AH, FN1_AH, FN2_AH, FN3_AH, FN4_AH, FN5_AH, REMARK, TARGET, CREATED_AT, CREATED_BY, UPDATED_AT, UPDATED_BY) VALUES ('sh_sla_70', '[SLA] 출동평균시간', '/mng/sla/sh_sla_70', 'Y', 'Y', 'Y', 'N', 'N', 'N', 'N', 'N', 'N', 'N', null, '_self', date_format('2017-03-30 16:46:27', '%Y/%m/%d %H:%i:%s'), 'system', date_format('2017-04-20 13:24:59', '%Y/%m/%d %H:%i:%s'), 'system');
INSERT INTO atms_program (PROG_CD, PROG_NM, PROG_PH, AUTH_CHECK, SCH_AH, SAV_AH, DEL_AH, EXL_AH, FN1_AH, FN2_AH, FN3_AH, FN4_AH, FN5_AH, REMARK, TARGET, CREATED_AT, CREATED_BY, UPDATED_AT, UPDATED_BY) VALUES ('sh_sla_80', '[SLA] 출동준수율', '/mng/sla/sh_sla_80', 'Y', 'Y', 'Y', 'N', 'N', 'N', 'N', 'N', 'N', 'N', null, '_self', date_format('2017-03-30 16:46:27', '%Y/%m/%d %H:%i:%s'), 'system', date_format('2017-04-20 13:24:59', '%Y/%m/%d %H:%i:%s'), 'system');
INSERT INTO atms_program (PROG_CD, PROG_NM, PROG_PH, AUTH_CHECK, SCH_AH, SAV_AH, DEL_AH, EXL_AH, FN1_AH, FN2_AH, FN3_AH, FN4_AH, FN5_AH, REMARK, TARGET, CREATED_AT, CREATED_BY, UPDATED_AT, UPDATED_BY) VALUES ('sh_sla_f0', '[SLA] 장애1차처리완료율', '/mng/sla/sh_sla_f0', 'Y', 'Y', 'Y', 'N', 'N', 'N', 'N', 'N', 'N', 'N', null, '_self', date_format('2017-03-30 16:46:27', '%Y/%m/%d %H:%i:%s'), 'system', date_format('2017-04-20 13:24:59', '%Y/%m/%d %H:%i:%s'), 'system');
INSERT INTO atms_program (PROG_CD, PROG_NM, PROG_PH, AUTH_CHECK, SCH_AH, SAV_AH, DEL_AH, EXL_AH, FN1_AH, FN2_AH, FN3_AH, FN4_AH, FN5_AH, REMARK, TARGET, CREATED_AT, CREATED_BY, UPDATED_AT, UPDATED_BY) VALUES ('sh_sla_a0', '[SLA] 환경점검', '/mng/sla/sh_sla_a0', 'Y', 'Y', 'Y', 'N', 'N', 'N', 'N', 'N', 'N', 'N', null, '_self', date_format('2017-03-30 16:46:27', '%Y/%m/%d %H:%i:%s'), 'system', date_format('2017-04-20 13:24:59', '%Y/%m/%d %H:%i:%s'), 'system');
INSERT INTO atms_program (PROG_CD, PROG_NM, PROG_PH, AUTH_CHECK, SCH_AH, SAV_AH, DEL_AH, EXL_AH, FN1_AH, FN2_AH, FN3_AH, FN4_AH, FN5_AH, REMARK, TARGET, CREATED_AT, CREATED_BY, UPDATED_AT, UPDATED_BY) VALUES ('sh_sla_b0', '[SLA] 기기점검내역', '/mng/sla/sh_sla_b0', 'Y', 'Y', 'Y', 'N', 'N', 'N', 'N', 'N', 'N', 'N', null, '_self', date_format('2017-03-30 16:46:27', '%Y/%m/%d %H:%i:%s'), 'system', date_format('2017-04-20 13:24:59.321000', '%Y/%m/%d %H:%i:%s'), 'system');
INSERT INTO atms_program (PROG_CD, PROG_NM, PROG_PH, AUTH_CHECK, SCH_AH, SAV_AH, DEL_AH, EXL_AH, FN1_AH, FN2_AH, FN3_AH, FN4_AH, FN5_AH, REMARK, TARGET, CREATED_AT, CREATED_BY, UPDATED_AT, UPDATED_BY) VALUES ('sh_sla_e0', '[SLA] 자동화기기가동률', '/mng/sla/sh_sla_e0', 'Y', 'Y', 'Y', 'N', 'N', 'N', 'N', 'N', 'N', 'N', null, '_self', date_format('2017-03-30 16:46:27', '%Y/%m/%d %H:%i:%s'), 'system', date_format('2017-04-20 13:24:59', '%Y/%m/%d %H:%i:%s'), 'system');
INSERT INTO atms_program (PROG_CD, PROG_NM, PROG_PH, AUTH_CHECK, SCH_AH, SAV_AH, DEL_AH, EXL_AH, FN1_AH, FN2_AH, FN3_AH, FN4_AH, FN5_AH, REMARK, TARGET, CREATED_AT, CREATED_BY, UPDATED_AT, UPDATED_BY) VALUES ('sh_sla_g1', '[SLA] 회수통장카드관리내역', '/mng/sla/sh_sla_g1', 'Y', 'Y', 'Y', 'N', 'N', 'N', 'N', 'N', 'N', 'N', null, '_self', date_format('2017-03-30 16:46:27', '%Y/%m/%d %H:%i:%s'), 'system', date_format('2017-04-20 13:24:59', '%Y/%m/%d %H:%i:%s'), 'system');

INSERT INTO atms_menu (MENU_ID, MENU_GRP_CD, MENU_NM, PROG_CD, LEVEL_M, PARENT_ID, SORT, CREATED_AT, CREATED_BY, UPDATED_AT, UPDATED_BY) VALUES (137, 'SYSTEM_MANAGER', 'SLA평가', null, 0, null, 7, date_format('2017-04-20 13:25:29', '%Y/%m/%d %H:%i:%s'), 'system', date_format('2017-04-20 13:32:23', '%Y/%m/%d %H:%i:%s'), 'system');
INSERT INTO atms_menu (MENU_ID, MENU_GRP_CD, MENU_NM, PROG_CD, LEVEL_M, PARENT_ID, SORT, CREATED_AT, CREATED_BY, UPDATED_AT, UPDATED_BY) VALUES (138, 'SYSTEM_MANAGER', '패널티내역(소명)', 'sh_sla_10', 1, 137, 0, date_format('2017-04-20 13:26:37', '%Y/%m/%d %H:%i:%s'), 'system', date_format('2017-04-20 13:32:23', '%Y/%m/%d %H:%i:%s'), 'system');
INSERT INTO atms_menu (MENU_ID, MENU_GRP_CD, MENU_NM, PROG_CD, LEVEL_M, PARENT_ID, SORT, CREATED_AT, CREATED_BY, UPDATED_AT, UPDATED_BY) VALUES (139, 'SYSTEM_MANAGER', '현금부족내역(소명)', 'sh_sla_20', 1, 137, 1, date_format('2017-04-20 13:26:37', '%Y/%m/%d %H:%i:%s'), 'system', date_format('2017-04-20 13:32:23', '%Y/%m/%d %H:%i:%s'), 'system');
INSERT INTO atms_menu (MENU_ID, MENU_GRP_CD, MENU_NM, PROG_CD, LEVEL_M, PARENT_ID, SORT, CREATED_AT, CREATED_BY, UPDATED_AT, UPDATED_BY) VALUES (140, 'SYSTEM_MANAGER', '민원관리내역', 'sh_sla_30', 1, 137, 2, date_format('2017-04-20 13:30:05', '%Y/%m/%d %H:%i:%s'), 'system', date_format('2017-04-20 13:32:23', '%Y/%m/%d %H:%i:%s'), 'system');
INSERT INTO atms_menu (MENU_ID, MENU_GRP_CD, MENU_NM, PROG_CD, LEVEL_M, PARENT_ID, SORT, CREATED_AT, CREATED_BY, UPDATED_AT, UPDATED_BY) VALUES (141, 'SYSTEM_MANAGER', '해피콜', 'sh_sla_40', 1, 137, 3, date_format('2017-04-20 13:27:59', '%Y/%m/%d %H:%i:%s'), 'system', date_format('2017-04-20 13:32:23', '%Y/%m/%d %H:%i:%s'), 'system');
INSERT INTO atms_menu (MENU_ID, MENU_GRP_CD, MENU_NM, PROG_CD, LEVEL_M, PARENT_ID, SORT, CREATED_AT, CREATED_BY, UPDATED_AT, UPDATED_BY) VALUES (142, 'SYSTEM_MANAGER', '운영자금증감률', 'sh_sla_50', 1, 137, 4, date_format('2017-04-20 13:27:59', '%Y/%m/%d %H:%i:%s'), 'system', date_format('2017-04-20 13:32:23', '%Y/%m/%d %H:%i:%s'), 'system');
INSERT INTO atms_menu (MENU_ID, MENU_GRP_CD, MENU_NM, PROG_CD, LEVEL_M, PARENT_ID, SORT, CREATED_AT, CREATED_BY, UPDATED_AT, UPDATED_BY) VALUES (143, 'SYSTEM_MANAGER', '운영자금시재검사', 'sh_sla_60', 1, 137, 5, date_format('2017-04-20 13:27:59', '%Y/%m/%d %H:%i:%s'), 'system', date_format('2017-04-20 13:32:23', '%Y/%m/%d %H:%i:%s'), 'system');
INSERT INTO atms_menu (MENU_ID, MENU_GRP_CD, MENU_NM, PROG_CD, LEVEL_M, PARENT_ID, SORT, CREATED_AT, CREATED_BY, UPDATED_AT, UPDATED_BY) VALUES (144, 'SYSTEM_MANAGER', '출동평균시간(소명)', 'sh_sla_70', 1, 137, 6, date_format('2017-04-20 13:27:59', '%Y/%m/%d %H:%i:%s'), 'system', date_format('2017-04-20 13:32:23', '%Y/%m/%d %H:%i:%s'), 'system');
INSERT INTO atms_menu (MENU_ID, MENU_GRP_CD, MENU_NM, PROG_CD, LEVEL_M, PARENT_ID, SORT, CREATED_AT, CREATED_BY, UPDATED_AT, UPDATED_BY) VALUES (145, 'SYSTEM_MANAGER', '출동준수율', 'sh_sla_80', 1, 137, 7, date_format('2017-04-20 13:27:59', '%Y/%m/%d %H:%i:%s'), 'system', date_format('2017-04-20 13:32:23', '%Y/%m/%d %H:%i:%s'), 'system');
INSERT INTO atms_menu (MENU_ID, MENU_GRP_CD, MENU_NM, PROG_CD, LEVEL_M, PARENT_ID, SORT, CREATED_AT, CREATED_BY, UPDATED_AT, UPDATED_BY) VALUES (146, 'SYSTEM_MANAGER', '장애1차처리완료율(소명)', 'sh_sla_f0', 1, 137, 8, date_format('2017-04-20 13:29:09', '%Y/%m/%d %H:%i:%s'), 'system', date_format('2017-04-20 13:32:23', '%Y/%m/%d %H:%i:%s'), 'system');
INSERT INTO atms_menu (MENU_ID, MENU_GRP_CD, MENU_NM, PROG_CD, LEVEL_M, PARENT_ID, SORT, CREATED_AT, CREATED_BY, UPDATED_AT, UPDATED_BY) VALUES (147, 'SYSTEM_MANAGER', '환경점검', 'sh_sla_a0', 1, 137, 9, date_format('2017-04-20 13:29:09', '%Y/%m/%d %H:%i:%s'), 'system', date_format('2017-04-20 13:32:23', '%Y/%m/%d %H:%i:%s'), 'system');
INSERT INTO atms_menu (MENU_ID, MENU_GRP_CD, MENU_NM, PROG_CD, LEVEL_M, PARENT_ID, SORT, CREATED_AT, CREATED_BY, UPDATED_AT, UPDATED_BY) VALUES (148, 'SYSTEM_MANAGER', '기기점검내역', 'sh_sla_b0', 1, 137, 10, date_format('2017-04-20 13:29:09', '%Y/%m/%d %H:%i:%s'), 'system', date_format('2017-04-20 13:32:23', '%Y/%m/%d %H:%i:%s'), 'system');
INSERT INTO atms_menu (MENU_ID, MENU_GRP_CD, MENU_NM, PROG_CD, LEVEL_M, PARENT_ID, SORT, CREATED_AT, CREATED_BY, UPDATED_AT, UPDATED_BY) VALUES (149, 'SYSTEM_MANAGER', '자동화기기가동률', 'sh_sla_e0', 1, 137, 11, date_format('2017-04-20 13:29:09', '%Y/%m/%d %H:%i:%s'), 'system', date_format('2017-04-20 13:32:23', '%Y/%m/%d %H:%i:%s'), 'system');
INSERT INTO atms_menu (MENU_ID, MENU_GRP_CD, MENU_NM, PROG_CD, LEVEL_M, PARENT_ID, SORT, CREATED_AT, CREATED_BY, UPDATED_AT, UPDATED_BY) VALUES (150, 'SYSTEM_MANAGER', '회수통장관리내역', 'sh_sla_g1', 1, 137, 12, date_format('2017-04-20 13:29:09', '%Y/%m/%d %H:%i:%s'), 'system', date_format('2017-04-20 13:32:23', '%Y/%m/%d %H:%i:%s'), 'system');

INSERT INTO atms_auth_group_map (GRP_AUTH_CD, MENU_ID, SCH_AH, SAV_AH, DEL_AH, EXL_AH, FN1_AH, FN2_AH, FN3_AH, FN4_AH, FN5_AH, CREATED_AT, CREATED_BY, UPDATED_AT, UPDATED_BY) VALUES ('S0001', 138, 'Y', 'Y', 'N', 'N', 'N', 'N', 'N', 'N', 'N', date_format('2017-04-20 13:30:19', '%Y/%m/%d %H:%i:%s'), 'system', date_format('2017-04-20 13:30:19', '%Y/%m/%d %H:%i:%s'), 'system');
INSERT INTO atms_auth_group_map (GRP_AUTH_CD, MENU_ID, SCH_AH, SAV_AH, DEL_AH, EXL_AH, FN1_AH, FN2_AH, FN3_AH, FN4_AH, FN5_AH, CREATED_AT, CREATED_BY, UPDATED_AT, UPDATED_BY) VALUES ('S0002', 138, 'Y', 'Y', 'N', 'N', 'N', 'N', 'N', 'N', 'N', date_format('2017-04-20 13:30:19', '%Y/%m/%d %H:%i:%s'), 'system', date_format('2017-04-20 13:30:19', '%Y/%m/%d %H:%i:%s'), 'system');
INSERT INTO atms_auth_group_map (GRP_AUTH_CD, MENU_ID, SCH_AH, SAV_AH, DEL_AH, EXL_AH, FN1_AH, FN2_AH, FN3_AH, FN4_AH, FN5_AH, CREATED_AT, CREATED_BY, UPDATED_AT, UPDATED_BY) VALUES ('S0001', 139, 'Y', 'Y', 'N', 'N', 'N', 'N', 'N', 'N', 'N', date_format('2017-04-20 13:30:30', '%Y/%m/%d %H:%i:%s'), 'system', date_format('2017-04-20 13:30:30', '%Y/%m/%d %H:%i:%s'), 'system');
INSERT INTO atms_auth_group_map (GRP_AUTH_CD, MENU_ID, SCH_AH, SAV_AH, DEL_AH, EXL_AH, FN1_AH, FN2_AH, FN3_AH, FN4_AH, FN5_AH, CREATED_AT, CREATED_BY, UPDATED_AT, UPDATED_BY) VALUES ('S0002', 139, 'Y', 'Y', 'N', 'N', 'N', 'N', 'N', 'N', 'N', date_format('2017-04-20 13:30:30', '%Y/%m/%d %H:%i:%s'), 'system', date_format('2017-04-20 13:30:30', '%Y/%m/%d %H:%i:%s'), 'system');
INSERT INTO atms_auth_group_map (GRP_AUTH_CD, MENU_ID, SCH_AH, SAV_AH, DEL_AH, EXL_AH, FN1_AH, FN2_AH, FN3_AH, FN4_AH, FN5_AH, CREATED_AT, CREATED_BY, UPDATED_AT, UPDATED_BY) VALUES ('S0001', 150, 'Y', 'Y', 'N', 'N', 'N', 'N', 'N', 'N', 'N', date_format('2017-04-20 13:30:39', '%Y/%m/%d %H:%i:%s'), 'system', date_format('2017-04-20 13:30:39', '%Y/%m/%d %H:%i:%s'), 'system');
INSERT INTO atms_auth_group_map (GRP_AUTH_CD, MENU_ID, SCH_AH, SAV_AH, DEL_AH, EXL_AH, FN1_AH, FN2_AH, FN3_AH, FN4_AH, FN5_AH, CREATED_AT, CREATED_BY, UPDATED_AT, UPDATED_BY) VALUES ('S0002', 150, 'Y', 'Y', 'N', 'N', 'N', 'N', 'N', 'N', 'N', date_format('2017-04-20 13:30:39', '%Y/%m/%d %H:%i:%s'), 'system', date_format('2017-04-20 13:30:39', '%Y/%m/%d %H:%i:%s'), 'system');
INSERT INTO atms_auth_group_map (GRP_AUTH_CD, MENU_ID, SCH_AH, SAV_AH, DEL_AH, EXL_AH, FN1_AH, FN2_AH, FN3_AH, FN4_AH, FN5_AH, CREATED_AT, CREATED_BY, UPDATED_AT, UPDATED_BY) VALUES ('S0001', 140, 'Y', 'Y', 'N', 'N', 'N', 'N', 'N', 'N', 'N', date_format('2017-04-20 13:30:48', '%Y/%m/%d %H:%i:%s'), 'system', date_format('2017-04-20 13:30:48', '%Y/%m/%d %H:%i:%s'), 'system');
INSERT INTO atms_auth_group_map (GRP_AUTH_CD, MENU_ID, SCH_AH, SAV_AH, DEL_AH, EXL_AH, FN1_AH, FN2_AH, FN3_AH, FN4_AH, FN5_AH, CREATED_AT, CREATED_BY, UPDATED_AT, UPDATED_BY) VALUES ('S0002', 140, 'Y', 'Y', 'N', 'N', 'N', 'N', 'N', 'N', 'N', date_format('2017-04-20 13:30:48', '%Y/%m/%d %H:%i:%s'), 'system', date_format('2017-04-20 13:30:48', '%Y/%m/%d %H:%i:%s'), 'system');
INSERT INTO atms_auth_group_map (GRP_AUTH_CD, MENU_ID, SCH_AH, SAV_AH, DEL_AH, EXL_AH, FN1_AH, FN2_AH, FN3_AH, FN4_AH, FN5_AH, CREATED_AT, CREATED_BY, UPDATED_AT, UPDATED_BY) VALUES ('S0001', 141, 'Y', 'Y', 'N', 'N', 'N', 'N', 'N', 'N', 'N', date_format('2017-04-20 13:30:59', '%Y/%m/%d %H:%i:%s'), 'system', date_format('2017-04-20 13:30:59', '%Y/%m/%d %H:%i:%s'), 'system');
INSERT INTO atms_auth_group_map (GRP_AUTH_CD, MENU_ID, SCH_AH, SAV_AH, DEL_AH, EXL_AH, FN1_AH, FN2_AH, FN3_AH, FN4_AH, FN5_AH, CREATED_AT, CREATED_BY, UPDATED_AT, UPDATED_BY) VALUES ('S0002', 141, 'Y', 'Y', 'N', 'N', 'N', 'N', 'N', 'N', 'N', date_format('2017-04-20 13:30:59', '%Y/%m/%d %H:%i:%s'), 'system', date_format('2017-04-20 13:30:59', '%Y/%m/%d %H:%i:%s'), 'system');
INSERT INTO atms_auth_group_map (GRP_AUTH_CD, MENU_ID, SCH_AH, SAV_AH, DEL_AH, EXL_AH, FN1_AH, FN2_AH, FN3_AH, FN4_AH, FN5_AH, CREATED_AT, CREATED_BY, UPDATED_AT, UPDATED_BY) VALUES ('S0001', 142, 'Y', 'Y', 'N', 'N', 'N', 'N', 'N', 'N', 'N', date_format('2017-04-20 13:31:08', '%Y/%m/%d %H:%i:%s'), 'system', date_format('2017-04-20 13:31:08', '%Y/%m/%d %H:%i:%s'), 'system');
INSERT INTO atms_auth_group_map (GRP_AUTH_CD, MENU_ID, SCH_AH, SAV_AH, DEL_AH, EXL_AH, FN1_AH, FN2_AH, FN3_AH, FN4_AH, FN5_AH, CREATED_AT, CREATED_BY, UPDATED_AT, UPDATED_BY) VALUES ('S0002', 142, 'Y', 'Y', 'N', 'N', 'N', 'N', 'N', 'N', 'N', date_format('2017-04-20 13:31:08', '%Y/%m/%d %H:%i:%s'), 'system', date_format('2017-04-20 13:31:08', '%Y/%m/%d %H:%i:%s'), 'system');
INSERT INTO atms_auth_group_map (GRP_AUTH_CD, MENU_ID, SCH_AH, SAV_AH, DEL_AH, EXL_AH, FN1_AH, FN2_AH, FN3_AH, FN4_AH, FN5_AH, CREATED_AT, CREATED_BY, UPDATED_AT, UPDATED_BY) VALUES ('S0001', 143, 'Y', 'Y', 'N', 'N', 'N', 'N', 'N', 'N', 'N', date_format('2017-04-20 13:31:19', '%Y/%m/%d %H:%i:%s'), 'system', date_format('2017-04-20 13:31:19', '%Y/%m/%d %H:%i:%s'), 'system');
INSERT INTO atms_auth_group_map (GRP_AUTH_CD, MENU_ID, SCH_AH, SAV_AH, DEL_AH, EXL_AH, FN1_AH, FN2_AH, FN3_AH, FN4_AH, FN5_AH, CREATED_AT, CREATED_BY, UPDATED_AT, UPDATED_BY) VALUES ('S0002', 143, 'Y', 'Y', 'N', 'N', 'N', 'N', 'N', 'N', 'N', date_format('2017-04-20 13:31:19', '%Y/%m/%d %H:%i:%s'), 'system', date_format('2017-04-20 13:31:19', '%Y/%m/%d %H:%i:%s'), 'system');
INSERT INTO atms_auth_group_map (GRP_AUTH_CD, MENU_ID, SCH_AH, SAV_AH, DEL_AH, EXL_AH, FN1_AH, FN2_AH, FN3_AH, FN4_AH, FN5_AH, CREATED_AT, CREATED_BY, UPDATED_AT, UPDATED_BY) VALUES ('S0001', 144, 'Y', 'Y', 'N', 'N', 'N', 'N', 'N', 'N', 'N', date_format('2017-04-20 13:31:28', '%Y/%m/%d %H:%i:%s'), 'system', date_format('2017-04-20 13:31:28', '%Y/%m/%d %H:%i:%s'), 'system');
INSERT INTO atms_auth_group_map (GRP_AUTH_CD, MENU_ID, SCH_AH, SAV_AH, DEL_AH, EXL_AH, FN1_AH, FN2_AH, FN3_AH, FN4_AH, FN5_AH, CREATED_AT, CREATED_BY, UPDATED_AT, UPDATED_BY) VALUES ('S0002', 144, 'Y', 'Y', 'N', 'N', 'N', 'N', 'N', 'N', 'N', date_format('2017-04-20 13:31:28', '%Y/%m/%d %H:%i:%s'), 'system', date_format('2017-04-20 13:31:28', '%Y/%m/%d %H:%i:%s'), 'system');
INSERT INTO atms_auth_group_map (GRP_AUTH_CD, MENU_ID, SCH_AH, SAV_AH, DEL_AH, EXL_AH, FN1_AH, FN2_AH, FN3_AH, FN4_AH, FN5_AH, CREATED_AT, CREATED_BY, UPDATED_AT, UPDATED_BY) VALUES ('S0001', 145, 'Y', 'Y', 'N', 'N', 'N', 'N', 'N', 'N', 'N', date_format('2017-04-20 13:31:38', '%Y/%m/%d %H:%i:%s'), 'system', date_format('2017-04-20 13:31:38', '%Y/%m/%d %H:%i:%s'), 'system');
INSERT INTO atms_auth_group_map (GRP_AUTH_CD, MENU_ID, SCH_AH, SAV_AH, DEL_AH, EXL_AH, FN1_AH, FN2_AH, FN3_AH, FN4_AH, FN5_AH, CREATED_AT, CREATED_BY, UPDATED_AT, UPDATED_BY) VALUES ('S0002', 145, 'Y', 'Y', 'N', 'N', 'N', 'N', 'N', 'N', 'N', date_format('2017-04-20 13:31:38', '%Y/%m/%d %H:%i:%s'), 'system', date_format('2017-04-20 13:31:38', '%Y/%m/%d %H:%i:%s'), 'system');
INSERT INTO atms_auth_group_map (GRP_AUTH_CD, MENU_ID, SCH_AH, SAV_AH, DEL_AH, EXL_AH, FN1_AH, FN2_AH, FN3_AH, FN4_AH, FN5_AH, CREATED_AT, CREATED_BY, UPDATED_AT, UPDATED_BY) VALUES ('S0001', 146, 'Y', 'Y', 'N', 'N', 'N', 'N', 'N', 'N', 'N', date_format('2017-04-20 13:31:49', '%Y/%m/%d %H:%i:%s'), 'system', date_format('2017-04-20 13:31:49', '%Y/%m/%d %H:%i:%s'), 'system');
INSERT INTO atms_auth_group_map (GRP_AUTH_CD, MENU_ID, SCH_AH, SAV_AH, DEL_AH, EXL_AH, FN1_AH, FN2_AH, FN3_AH, FN4_AH, FN5_AH, CREATED_AT, CREATED_BY, UPDATED_AT, UPDATED_BY) VALUES ('S0002', 146, 'Y', 'Y', 'N', 'N', 'N', 'N', 'N', 'N', 'N', date_format('2017-04-20 13:31:49', '%Y/%m/%d %H:%i:%s'), 'system', date_format('2017-04-20 13:31:49', '%Y/%m/%d %H:%i:%s'), 'system');
INSERT INTO atms_auth_group_map (GRP_AUTH_CD, MENU_ID, SCH_AH, SAV_AH, DEL_AH, EXL_AH, FN1_AH, FN2_AH, FN3_AH, FN4_AH, FN5_AH, CREATED_AT, CREATED_BY, UPDATED_AT, UPDATED_BY) VALUES ('S0001', 147, 'Y', 'Y', 'N', 'N', 'N', 'N', 'N', 'N', 'N', date_format('2017-04-20 13:31:59', '%Y/%m/%d %H:%i:%s'), 'system', date_format('2017-04-20 13:31:59', '%Y/%m/%d %H:%i:%s'), 'system');
INSERT INTO atms_auth_group_map (GRP_AUTH_CD, MENU_ID, SCH_AH, SAV_AH, DEL_AH, EXL_AH, FN1_AH, FN2_AH, FN3_AH, FN4_AH, FN5_AH, CREATED_AT, CREATED_BY, UPDATED_AT, UPDATED_BY) VALUES ('S0002', 147, 'Y', 'Y', 'N', 'N', 'N', 'N', 'N', 'N', 'N', date_format('2017-04-20 13:31:59', '%Y/%m/%d %H:%i:%s'), 'system', date_format('2017-04-20 13:31:59', '%Y/%m/%d %H:%i:%s'), 'system');
INSERT INTO atms_auth_group_map (GRP_AUTH_CD, MENU_ID, SCH_AH, SAV_AH, DEL_AH, EXL_AH, FN1_AH, FN2_AH, FN3_AH, FN4_AH, FN5_AH, CREATED_AT, CREATED_BY, UPDATED_AT, UPDATED_BY) VALUES ('S0001', 148, 'Y', 'Y', 'N', 'N', 'N', 'N', 'N', 'N', 'N', date_format('2017-04-20 13:32:11', '%Y/%m/%d %H:%i:%s'), 'system', date_format('2017-04-20 13:32:11', '%Y/%m/%d %H:%i:%s'), 'system');
INSERT INTO atms_auth_group_map (GRP_AUTH_CD, MENU_ID, SCH_AH, SAV_AH, DEL_AH, EXL_AH, FN1_AH, FN2_AH, FN3_AH, FN4_AH, FN5_AH, CREATED_AT, CREATED_BY, UPDATED_AT, UPDATED_BY) VALUES ('S0002', 148, 'Y', 'Y', 'N', 'N', 'N', 'N', 'N', 'N', 'N', date_format('2017-04-20 13:32:11', '%Y/%m/%d %H:%i:%s'), 'system', date_format('2017-04-20 13:32:11', '%Y/%m/%d %H:%i:%s'), 'system');
INSERT INTO atms_auth_group_map (GRP_AUTH_CD, MENU_ID, SCH_AH, SAV_AH, DEL_AH, EXL_AH, FN1_AH, FN2_AH, FN3_AH, FN4_AH, FN5_AH, CREATED_AT, CREATED_BY, UPDATED_AT, UPDATED_BY) VALUES ('S0001', 149, 'Y', 'Y', 'N', 'N', 'N', 'N', 'N', 'N', 'N', date_format('2017-04-20 13:32:22', '%Y/%m/%d %H:%i:%s'), 'system', date_format('2017-04-20 13:32:22', '%Y/%m/%d %H:%i:%s'), 'system');
INSERT INTO atms_auth_group_map (GRP_AUTH_CD, MENU_ID, SCH_AH, SAV_AH, DEL_AH, EXL_AH, FN1_AH, FN2_AH, FN3_AH, FN4_AH, FN5_AH, CREATED_AT, CREATED_BY, UPDATED_AT, UPDATED_BY) VALUES ('S0002', 149, 'Y', 'Y', 'N', 'N', 'N', 'N', 'N', 'N', 'N', date_format('2017-04-20 13:32:22', '%Y/%m/%d %H:%i:%s'), 'system', date_format('2017-04-20 13:32:22', '%Y/%m/%d %H:%i:%s'), 'system');